epoch,accuracy,loss,mean_absolute_error,val_accuracy,val_loss,val_mean_absolute_error
0,0.0,9.397479057312012,8.945959091186523,0.0,10.961183547973633,10.51188850402832
1,0.0,4.794135093688965,4.346583366394043,0.0,9.950003623962402,9.504490852355957
2,0.0,4.263884544372559,3.820128917694092,0.0,11.817527770996094,11.375736236572266
3,0.0,3.7606542110443115,3.320331573486328,0.0,13.255305290222168,12.816798210144043
4,0.0,3.5183091163635254,3.081151247024536,0.0,14.318742752075195,13.883211135864258
